{
  "rows_scored": 5023,
  "mae": 52.3178825378418,
  "mse": 15899.462890625,
  "rmse": 126.09307233399066,
  "r2": 0.9367405924485306
}